loss,mae,mse,rmse,psnr,ssim
8.362299109255802e-07,59.16700081131126,8776.3787300394,93.68232880345897,29.451492529454,0.6173395463757172
