loss,mae,mse,rmse,psnr,ssim
8.191694658548554e-07,55.56234256300745,7948.421357254648,89.1539194721951,29.685953112373767,0.6437483182199164
