loss,mae,mse,rmse,psnr,ssim
6.191059370248497e-07,20.41817139975632,1334.8671705917325,36.535834061804756,31.88929156341305,0.775357587754979
