loss,mae,mse,rmse,psnr,ssim
7.064458934080979e-07,26.382726989214934,1674.624707881401,40.9221786795547,30.73870390782996,0.6856627181697864
