loss,mae,mse,rmse,psnr,ssim
6.042843936377236e-07,16.328182611284376,743.7909773135517,27.272531553076472,31.693704468190624,0.7128024660061929
